suv12,ahmet123+,Suveybe,Ugut,20,sugut22@gmail.com,/images/user5.png
doga_k,ahmet123+,Doga,Kalkandelen,19,dkalkandelen22@gmail.com,/images/user1.png
ahmet,ahmet123+,Ahmet,Benlice,20,abenlice22@gmail.com,/images/user2.png
keremyilmaz,ahmet123+,Kerem,Yilmaz,21,kyilmaz22@gmail.com,/images/user7.png
sarisacli,suvu123+,Aykut,Bir,18,a@gamil.com,/images/user4.png
emir,emir12!,Emir,Ozdemir,19,eozdemir22@gmail.com,/images/user2.png
egeguven,ege123+,Ege,Guven,98989989,a@gmail.com,/images/user6.png
aykut,aykut123+,aykut,bir,20,a@gamil.com,/images/user6.png
